id;nickname
309844;Suzerain
309844;Suzerain
309846;MAG
309846;MAG
309857;Yula
309857;Yula
309858;Spanch
309858;Spanch
309876;davydov964
309876;davydov964
309879;SL
309879;SL
309883;Dizelb
309883;Dizelb
309886;Владимир81
309886;Владимир81
309888;9288468679
309888;9288468679
309895;RSHU
309895;RSHU
309904;epik
309904;epik
309942;Rusatom
309942;Rusatom
309985;Grabber
309985;Grabber
309987;morevsa
309987;morevsa
309991;Максим
309991;Максим
309994;Riverfolk
309994;Riverfolk
309997;Vens
309997;Vens
310018;DeadpooL
310018;DeadpooL
310027;Voodi
310027;Voodi
310038;glommy
310038;glommy
310041;Viktoria07
310041;Viktoria07
310050;Pingvinric
310050;Pingvinric
310052;Ponchik
310052;Ponchik
310054;dreamrando
310054;dreamrando
310068;Anton177
310068;Anton177
310109;amidvn
310109;amidvn
310129;Sandra
310129;Sandra
310138;olb040735
310138;olb040735
310140;kuzminov
310140;kuzminov
310144;IRINA1811
310144;IRINA1811
310160;Bull&Bear
310160;Bull&Bear
310166;Ilya-004
310166;Ilya-004
310173;evsekor
310173;evsekor
310177;MUSTACHAN
310177;MUSTACHAN
310179;Валентин
310179;Валентин
310183;Байанай
310183;Байанай
310184;Sav.am
310184;Sav.am
310195;Stan01
310195;Stan01
310207;АРТУР9
310207;АРТУР9
310217;kuzma22
310217;kuzma22
310239;uMniK
310239;uMniK
310246;redfree
310246;redfree
310252;Suits
310252;Suits
310277;Грех
310277;Грех
310283;Venera
310283;Venera
310289;Dgozefin
310289;Dgozefin
310292;LeoPisano
310292;LeoPisano
310298;1985Pgs2408
310298;1985Pgs2408
310303;79603047655
310303;79603047655
310316;aaill
310316;aaill
310318;Vagner
310318;Vagner
310320;JokerTT
310320;JokerTT
310348;ggevel
310348;ggevel
310349;Airboltik
310349;Airboltik
310363;rusl10
310363;rusl10
310377;aganesov
310377;aganesov
310381;Daddy
310381;Daddy
310382;Just-trend
310382;Just-trend
310387;Madina2022
310387;Madina2022
310395;Evgspb
310395;Evgspb
310396;Lekar17
310396;Lekar17
310399;Greenc
310399;Greenc
310401;ILSYR
310401;ILSYR
310408;ToBeeOrNotToBee
310408;ToBeeOrNotToBee
310409;FullCup
310409;FullCup
310412;mitb84
310412;mitb84
310417;Dionis
310417;Dionis
310423;Sergo09
310423;Sergo09
310431;Fiboforyou
310431;Fiboforyou
310434;serpiyanka
310434;serpiyanka
310437;Zelma74
310437;Zelma74
310439;maxboikoev
310439;maxboikoev
310445;Vadim703
310445;Vadim703
310446;OLYAOLYA
310446;OLYAOLYA
310474;ilgam80
310474;ilgam80
310475;Sakhraddin
310475;Sakhraddin
310476;Azat1971
310476;Azat1971
310484;Sell44
310484;Sell44
310495;Roonny
310495;Roonny
310496;Berkut
310496;Berkut
310502;Egronaldosyc
310502;Egronaldosyc
310514;FiboTrader2022
310514;FiboTrader2022
310525;Fikalia
310525;Fikalia
310535;JakeBovio
310535;JakeBovio
310543;AntonioZ
310543;AntonioZ
310552;Droncult
310552;Droncult
310557;Dunya
310557;Dunya
310558;Sofulek
310558;Sofulek
310561;Katya18
310561;Katya18
310564;Eelgiz
310564;Eelgiz
310570;SuMen
310570;SuMen
310582;captainssin
310582;captainssin
310583;Okirsanova
310583;Okirsanova
310585;Vitaliy555
310585;Vitaliy555
310588;Iklim1979
310588;Iklim1979
310590;Vladislav
310590;Vladislav
310602;AndyKopyloff
310602;AndyKopyloff
310615;Vici.K
310615;Vici.K
310618;17051987
310618;17051987
310629;Dok75tor
310629;Dok75tor
310631;KupriyashinNick
310631;KupriyashinNick
310632;Kutnaev93
310632;Kutnaev93
310636;Amestat
310636;Amestat
310645;Lisin
310645;Lisin
310652;nestarwen
310652;nestarwen
310654;MaksakovaAnasta
310654;MaksakovaAnasta
310661;Viera
310661;Viera
310663;CraftyFox
310663;CraftyFox
310667;a.mezhinskiy
310667;a.mezhinskiy
310669;Valstavr
310669;Valstavr
310670;DimKa
310670;DimKa
310684;SergeiMA
310684;SergeiMA
310690;Taskany
310690;Taskany
310693;Technik
310693;Technik
310699;Arturius
310699;Arturius
310705;myprofit
310705;myprofit
310725;LensAnte
310725;LensAnte
310727;luna6999
310727;luna6999
310736;Re-trader
310736;Re-trader
310742;Pasha
310742;Pasha
310750;ProhorA
310750;ProhorA
310751;Tigerfox
310751;Tigerfox
310753;Stephen
310753;Stephen
310758;Razum
310758;Razum
310763;RosoL
310763;RosoL
310767;MolodoyNostrada
310767;MolodoyNostrada
310774;EGSAVR
310774;EGSAVR
310780;Irina
310780;Irina
310781;MaeStr0
310781;MaeStr0
310784;Khanmong
310784;Khanmong
310785;JUPITER
310785;JUPITER
310791;MATPOC
310791;MATPOC
310809;smidrel
310809;smidrel
310810;ASmolin
310810;ASmolin
310824;Sovetnik111
310824;Sovetnik111
310832;TarasovViP
310832;TarasovViP
310846;Nabak
310846;Nabak
310847;EgorTrifonov
310847;EgorTrifonov
310848;ruslan83
310848;ruslan83
310854;Koresh25
310854;Koresh25
310859;Prizzma
310859;Prizzma
310870;DianaGekko
310870;DianaGekko
310872;Khan101090
310872;Khan101090
310875;Kokik43
310875;Kokik43
310880;RustamAviator
310880;RustamAviator
310882;OlegTred
310882;OlegTred
310895;vesna
310895;vesna
310897;Salex
310897;Salex
310898;EvGenius8888
310898;EvGenius8888
310901;AxonSmiles
310901;AxonSmiles
310902;Vitalii
310902;Vitalii
310913;Tsirkul
310913;Tsirkul
310933;Statham23
310933;Statham23
310935;NV22
310935;NV22
310936;SexyShare
310936;SexyShare
310937;alexzhi
310937;alexzhi
310947;pashok4490
310947;pashok4490
310949;Khal
310949;Khal
310957;KristinaK
310957;KristinaK
310958;Holy
310958;Holy
310965;TIGER_5
310965;TIGER_5
310970;BP62
310970;BP62
310971;Oooniks
310971;Oooniks
310980;Titow1994
310980;Titow1994
310988;ОНФОТиУ
310988;ОНФОТиУ
310989;ValentinGo
310989;ValentinGo
310993;Bobrik_A_I
310993;Bobrik_A_I
310994;ЭРИКАС
310994;ЭРИКАС
311002;Ruslan01
311002;Ruslan01
311026;Ganebnij
311026;Ganebnij
311029;iweeh
311029;iweeh
311036;MaximuS
311036;MaximuS
311074;Olegbadurin
311074;Olegbadurin
311077;BigBoss
311077;BigBoss
311083;Grisha
311083;Grisha
311095;dlya-druzey
311095;dlya-druzey
311106;azhuravlev
311106;azhuravlev
311119;SunShin3
311119;SunShin3
311128;alasavr
311128;alasavr
311135;AlexTrader
311135;AlexTrader
311136;andrey98
311136;andrey98
311153;Generation
311153;Generation
311156;H2O
311156;H2O
311160;ildarx7
311160;ildarx7
311177;pti4ka
311177;pti4ka
311187;SiBearian
311187;SiBearian
311189;Stepind
311189;Stepind
311196;Timur
311196;Timur
311199;travelgirl
311199;travelgirl
311204;VitalyGER
311204;VitalyGER
311208;yayamamba
311208;yayamamba
311219;IGORARC
311219;IGORARC
311226;Brendel
311226;Brendel
311231;NataNA
311231;NataNA
311245;SpokInvest
311245;SpokInvest
311288;torgash
311288;torgash
311290;Tstason25
311290;Tstason25
311294;Olgabbc2010
311294;Olgabbc2010
311300;nestazy
311300;nestazy
311305;Whiteant
311305;Whiteant
311314;34530623
311314;34530623
311322;9022618883
311322;9022618883
311335;Oleg1984spb
311335;Oleg1984spb
311337;longway
311337;longway
311355;Sega444
311355;Sega444
311381;General
311381;General
311386;Eugene84
311386;Eugene84
311387;Brabus027
311387;Brabus027
311400;chivic1968
311400;chivic1968
311404;Михак
311404;Михак
311405;Varjag
311405;Varjag
311412;CitSP
311412;CitSP
311413;ivan51700
311413;ivan51700
311417;gto2022
311417;gto2022
311425;sergik7878
311425;sergik7878
311428;swnike
311428;swnike
311429;Роман
311429;Роман
311440;mescalit
311440;mescalit
311442;Ramon
311442;Ramon
311449;Twelve.XII
311449;Twelve.XII
311455;das
311455;das
311461;den
311461;den
311466;RZDSZSB
311466;RZDSZSB
311473;07082020
311473;07082020
311488;aktom
311488;aktom
311489;aleksagans
311489;aleksagans
311500;Mila
311500;Mila
311501;Mitc088
311501;Mitc088
311513;oddi2022
311513;oddi2022
311531;ARusskovV
311531;ARusskovV
311532;Arxi
311532;Arxi
311533;Askr
311533;Askr
311543;Bestalex
311543;Bestalex
311549;Calipso137
311549;Calipso137
311555;Cooler
311555;Cooler
311563;Dimm
311563;Dimm
311566;DMbot
311566;DMbot
311574;dzemgi
311574;dzemgi
311599;Hant
311599;Hant
311601;hlrthnth
311601;hlrthnth
311619;qivi163
311619;qivi163
311623;RPG
311623;RPG
311625;Rugilyaz
311625;Rugilyaz
311626;rus077
311626;rus077
311628;Rustik1979
311628;Rustik1979
311636;kolyadmit
311636;kolyadmit
311638;Krekanz
311638;Krekanz
311645;LUDOMAN01
311645;LUDOMAN01
311649;Makskuper
311649;Makskuper
311651;malixa76
311651;malixa76
311657;MaxBV
311657;MaxBV
311659;Senseyka
311659;Senseyka
311662;Sergei8918
311662;Sergei8918
311663;sergeikov
311663;sergeikov
311664;SerGo01
311664;SerGo01
311671;SOVA4
311671;SOVA4
311676;takeover
311676;takeover
311683;Trader17
311683;Trader17
311685;Vadia
311685;Vadia
311692;vladcodex
311692;vladcodex
311696;wen943абэ
311696;wen943абэ
311700;Xeno
311700;Xeno
311703;Yaroslavna
311703;Yaroslavna
311706;zahvat
311706;zahvat
311715;Дар
311715;Дар
311720;Пионер
311720;Пионер
311725;Русланбек
311725;Русланбек
311738;Eksterulo
311738;Eksterulo
311744;Sergei69
311744;Sergei69
311747;Buratino01
311747;Buratino01
311764;Ivan23
311764;Ivan23
311777;АЛЕАНД
311777;АЛЕАНД
311787;sergeyV
311787;sergeyV
311798;hohlachov
311798;hohlachov
311802;Arseny
311802;Arseny
311805;Kaban
311805;Kaban
311806;Ketoff
311806;Ketoff
311818;Advocat
311818;Advocat
311838;Rofll
311838;Rofll
311844;Slanroyal
311844;Slanroyal
311847;Kabaninda
311847;Kabaninda
311854;Nordlis
311854;Nordlis
311864;Almira
311864;Almira
311865;Aneurysm
311865;Aneurysm
311866;Arahis
311866;Arahis
311872;casim
311872;casim
311885;Eldar
311885;Eldar
311887;Estavella
311887;Estavella
311897;KazakovAA
311897;KazakovAA
311898;Korjil
311898;Korjil
311900;Kuka
311900;Kuka
311925;RuVad
311925;RuVad
311942;Vep16KRK
311942;Vep16KRK
311944;vseprosto
311944;vseprosto
311948;Виктор6
311948;Виктор6
311954;Soavtor
311954;Soavtor
311964;IrinkaK
311964;IrinkaK
311968;Kupressus
311968;Kupressus
311970;SSM-broker
311970;SSM-broker
311974;Ezzz1
311974;Ezzz1
311975;Nik32
311975;Nik32
311981;Margo
311981;Margo
311982;LadaVest
311982;LadaVest
311992;Rodnik
311992;Rodnik
311995;Vanilla
311995;Vanilla
312004;DIMA841944
312004;DIMA841944
312012;Lava
312012;Lava
312014;NekNovekov
312014;NekNovekov
312020;olbv0258718
312020;olbv0258718
312022;deVarao
312022;deVarao
312027;Egor1986
312027;Egor1986
312031;olbv1345292
312031;olbv1345292
312042;Geniy
312042;Geniy
312049;Bob-gen
312049;Bob-gen
312056;kidzhik
312056;kidzhik
312066;GoldenHamster
312066;GoldenHamster
312071;88888888
312071;88888888
312074;AlexeyAlex
312074;AlexeyAlex
312088;thriller
312088;thriller
312096;Anatoliy
312096;Anatoliy
312100;KaddeTT
312100;KaddeTT
312101;MikeBug
312101;MikeBug
312103;Slavyan174
312103;Slavyan174
312111;zibo1668
312111;zibo1668
312112;anton2504
312112;anton2504
312113;Tsaymax
312113;Tsaymax
312119;Ramil
312119;Ramil
312124;nosapge
312124;nosapge
312128;ClydeGriffiths
312128;ClydeGriffiths
312130;Hromd
312130;Hromd
312148;Cluster
312148;Cluster
312151;QwertyEVA1
312151;QwertyEVA1
312154;8927275
312154;8927275
312164;bibik
312164;bibik
312169;Ortega
312169;Ortega
312184;Kate
312184;Kate
312193;dkonshin
312193;dkonshin
312199;BennyHill9
312199;BennyHill9
312200;prost0
312200;prost0
312217;Rulless
312217;Rulless
312224;wizard
312224;wizard
312226;R16
312226;R16
312230;Dimoni4
312230;Dimoni4
312259;olbv1565431
312259;olbv1565431
312260;RuslanMin
312260;RuslanMin
312269;kvanvanvant2022
312269;kvanvanvant2022
312273;AlexKir
312273;AlexKir
312275;airobus
312275;airobus
312287;Pablos
312287;Pablos
312295;Wasp
312295;Wasp
312302;tav
312302;tav
312312;KuKu
312312;KuKu
312315;SHATALOV
312315;SHATALOV
312320;Олег
312320;Олег
312328;KEVa
312328;KEVa
312336;Ragnar89
312336;Ragnar89
312342;Atomflot
312342;Atomflot
312352;MSLMSYDKV
312352;MSLMSYDKV
312377;Dozhdik
312377;Dozhdik
312382;light611
312382;light611
312384;SailorSun
312384;SailorSun
312386;VT7
312386;VT7
312387;Денис
312387;Денис
312399;PoppyLoppy
312399;PoppyLoppy
312409;Signal
312409;Signal
312415;Kitik2022
312415;Kitik2022
312432;Khadjit
312432;Khadjit
312434;olbv0326170
312434;olbv0326170
312435;bioreign
312435;bioreign
312438;Val1942
312438;Val1942
312441;olbv1385796
312441;olbv1385796
312445;Genius18
312445;Genius18
312448;igor55
312448;igor55
312464;serg91
312464;serg91
312466;darion_1234
312466;darion_1234
312475;Mishak
312475;Mishak
312487;Nomin
312487;Nomin
312489;Kazidub97
312489;Kazidub97
312496;cosmos
312496;cosmos
312503;Antoha174
312503;Antoha174
312511;Yaryi
312511;Yaryi
312512;Kess
312512;Kess
312514;Ciocia
312514;Ciocia
312526;slon_60
312526;slon_60
312528;Kengotomsk
312528;Kengotomsk
312530;Strong2022
312530;Strong2022
312531;Svecha74
312531;Svecha74
312539;olbv1187034
312539;olbv1187034
312547;olb240942
312547;olb240942
312551;AVK
312551;AVK
312552;Sasha555
312552;Sasha555
312555;LeXuNs
312555;LeXuNs
312565;olbv0409972
312565;olbv0409972
312589;Big_papa
312589;Big_papa
312594;9212574052
312594;9212574052
312599;igorr152
312599;igorr152
312609;roman1167
312609;roman1167
312612;TraderDIM
312612;TraderDIM
312619;Stalker777
312619;Stalker777
312624;olbv1192378
312624;olbv1192378
312628;VortexOne
312628;VortexOne
312629;Sergh2022
312629;Sergh2022
312636;Nafanya
312636;Nafanya
312648;Taha
312648;Taha
312649;vad14
312649;vad14
312651;StrausMag
312651;StrausMag
312652;Sample
312652;Sample
312658;Dohtur
312658;Dohtur
312661;MalyutinDA
312661;MalyutinDA
312665;Igor67
312665;Igor67
312666;PostHuman
312666;PostHuman
312674;jam
312674;jam
312680;LVSTCXNTURY
312680;LVSTCXNTURY
312691;cripto
312691;cripto
312698;Andronik
312698;Andronik
312712;Anna2Anna
312712;Anna2Anna
312713;MPAndrey
312713;MPAndrey
312719;doink
312719;doink
312722;VK777
312722;VK777
312732;Art1K
312732;Art1K
312746;Parsifal
312746;Parsifal
312750;Volchara
312750;Volchara
312753;AHgpeu
312753;AHgpeu
312754;Bison
312754;Bison
312764;Baykova54
312764;Baykova54
312767;Akselitos
312767;Akselitos
312768;klinsi
312768;klinsi
312779;Gannibal
312779;Gannibal
312780;Ясик
312780;Ясик
312791;Vasyly
312791;Vasyly
312796;PENYAZMARINA
312796;PENYAZMARINA
312823;Vladim
312823;Vladim
312826;Balzam
312826;Balzam
312836;Ketchup
312836;Ketchup
312843;shawty4
312843;shawty4
312872;LittleFox
312872;LittleFox
312878;yuribankeev
312878;yuribankeev
312879;STALKER228
312879;STALKER228
312882;Graf101
312882;Graf101
312890;Sergey1531
312890;Sergey1531
312893;stanruss239
312893;stanruss239
312898;Rase
312898;Rase
312915;El55mur
312915;El55mur
312938;stimul
312938;stimul
312942;avp1810
312942;avp1810
312946;дмитрий01
312946;дмитрий01
312951;bombabig
312951;bombabig
312952;Daniil
312952;Daniil
312962;Passion
312962;Passion
312972;BlueOcean
312972;BlueOcean
312976;G1l2a3h4a5
312976;G1l2a3h4a5
313016;SULLA
313016;SULLA
313025;KaifuLi
313025;KaifuLi
313029;Rus3969
313029;Rus3969
313030;Denkatoff
313030;Denkatoff
313031;Rover63
313031;Rover63
313034;Alex321
313034;Alex321
313038;Panchita22
313038;Panchita22
313043;Рус
313043;Рус
313045;Kenesgus
313045;Kenesgus
313050;Татьяна
313050;Татьяна
313058;radena
313058;radena
313066;Hercules
313066;Hercules
313068;arr
313068;arr
313071;Rakeem
313071;Rakeem
313072;Rkorotaev
313072;Rkorotaev
313084;Chaos
313084;Chaos
313087;PaNikA
313087;PaNikA
313098;Gorazei
313098;Gorazei
313101;Деньги
313101;Деньги
313102;Brokerrs
313102;Brokerrs
313115;Tyger779
313115;Tyger779
313126;superbalin
313126;superbalin
313133;Bala
313133;Bala
313134;CTaJIuH
313134;CTaJIuH
313137;OSA01
313137;OSA01
313140;Alenakokk
313140;Alenakokk
313161;Stanislav01
313161;Stanislav01
313162;Hims
313162;Hims
313166;OlgaCH
313166;OlgaCH
313168;DenisKa
313168;DenisKa
313169;DJSM
313169;DJSM
313186;aleo2
313186;aleo2
313193;savin811
313193;savin811
313222;PLAGUE
313222;PLAGUE
313227;Tilson
313227;Tilson
313230;sanhel
313230;sanhel
313232;STASINHO
313232;STASINHO
313234;barkas
313234;barkas
313236;OLGA1983
313236;OLGA1983
313241;Aslankz
313241;Aslankz
313253;Yakov
313253;Yakov
313268;maxx3000
313268;maxx3000
313275;Tartarin86
313275;Tartarin86
313277;PavelS
313277;PavelS
313278;фунтик
313278;фунтик
313287;cleverok
313287;cleverok
313290;TSA
313290;TSA
313294;KotkaFromBG
313294;KotkaFromBG
313303;daiver777
313303;daiver777
313309;Santa
313309;Santa
313313;Blablabla
313313;Blablabla
313320;TKRASNOV
313320;TKRASNOV
313321;vicstar
313321;vicstar
313330;Vyacheslav
313330;Vyacheslav
313361;luckym
313361;luckym
313378;xV6KvE4P
313378;xV6KvE4P
313381;Asya
313381;Asya
313390;sns2022
313390;sns2022
313393;iqsergei
313393;iqsergei
313396;Miha40
313396;Miha40
313399;StartMoney
313399;StartMoney
313407;McKey
313407;McKey
313413;Viacheskav
313413;Viacheskav
313414;ARKAN
313414;ARKAN
313419;Preston
313419;Preston
313423;dbutakoff
313423;dbutakoff
313427;Alezsm
313427;Alezsm
313429;HOROOT
313429;HOROOT
313431;Sotnik1986
313431;Sotnik1986
313441;Enkleiv
313441;Enkleiv
313444;WldTartar
313444;WldTartar
313447;Coolpepper
313447;Coolpepper
313451;Alexandr1
313451;Alexandr1
313460;Fomenka
313460;Fomenka
313461;Alexpar85
313461;Alexpar85
313462;Chizhack
313462;Chizhack
313463;Miday
313463;Miday
313464;Chiangmai
313464;Chiangmai
313466;Wolf72
313466;Wolf72
313470;Kolya
313470;Kolya
313471;AlexandeR999
313471;AlexandeR999
313479;Svetlana1
313479;Svetlana1
313483;Lolita
313483;Lolita
313486;Dr.pit
313486;Dr.pit
313504;Sanxi
313504;Sanxi
313506;SMK72
313506;SMK72
313533;KateOHara
313533;KateOHara
313541;VladK
313541;VladK
313548;sanatom
313548;sanatom
313549;KRAiN32
313549;KRAiN32
313553;rap1975
313553;rap1975
313558;Djonik
313558;Djonik
313560;Loginznv
313560;Loginznv
313570;JonRus
313570;JonRus
313571;IgorIgrok
313571;IgorIgrok
313591;Oleg85
313591;Oleg85
313599;drakon55552
313599;drakon55552
313611;Artemister
313611;Artemister
313616;HellMenscj
313616;HellMenscj
313625;Leyla
313625;Leyla
313628;ltybc8
313628;ltybc8
313635;Milashka
313635;Milashka
313640;Vesta
313640;Vesta
313648;Sachernykh
313648;Sachernykh
313650;san_kolt
313650;san_kolt
313652;Einstein72
313652;Einstein72
313669;Dru83
313669;Dru83
313671;Phantom
313671;Phantom
313674;anatol777888
313674;anatol777888
313680;Dikx12
313680;Dikx12
313682;Vovalek
313682;Vovalek
313696;Ariman
313696;Ariman
313701;Kostin
313701;Kostin
313717;romachkache
313717;romachkache
313726;SAV
313726;SAV
313742;hussar
313742;hussar
313743;КРВО?
313743;КРВО?
313763;Olya333
313763;Olya333
313770;Astrofutur
313770;Astrofutur
313781;403RAX9
313781;403RAX9
313787;Stanislav02
313787;Stanislav02
313791;44ALEKS44
313791;44ALEKS44
313807;400SFMB
313807;400SFMB
313813;404BZNE
313813;404BZNE
313817;4JTEV
313817;4JTEV
313818;403SSV5
313818;403SSV5
313834;400US3U
313834;400US3U
313836;41K5X
313836;41K5X
313839;S03BR1L
313839;S03BR1L
313848;Mercury
313848;Mercury
313853;EIV
313853;EIV
313863;Dinoz
313863;Dinoz
313864;Anvel87
313864;Anvel87
313868;Andreic47
313868;Andreic47
313871;Andreibay
313871;Andreibay
313878;vlamat
313878;vlamat
313909;Ривитс
313909;Ривитс
313916;Murych
313916;Murych
313932;MS
313932;MS
313933;Urugulu
313933;Urugulu
313949;4004ES8
313949;4004ES8
313958;4KU1T
313958;4KU1T
313960;404A3KE
313960;404A3KE
313963;4048LAA
313963;4048LAA
313966;Alikgarkh
313966;Alikgarkh
313971;Zykov2022
313971;Zykov2022
313978;martyn15
313978;martyn15
313990;403WSA8
313990;403WSA8
313996;A1ek5black
313996;A1ek5black
314001;Rus1977
314001;Rus1977
314016;Vlad26
314016;Vlad26
314025;Космос
314025;Космос
314029;Efanoff
314029;Efanoff
314030;Emil
314030;Emil
314033;otokohoshi
314033;otokohoshi
314037;Gordei
314037;Gordei
314049;Averina
314049;Averina
314050;Che1pa
314050;Che1pa
314080;butenko
314080;butenko
314081;George1408
314081;George1408
314086;XoTTaB
314086;XoTTaB
314104;Potorochin
314104;Potorochin
314105;Sova65
314105;Sova65
314109;vassily
314109;vassily
314130;rusivan
314130;rusivan
314140;Maxs1985
314140;Maxs1985
314146;4T8NA
314146;4T8NA
314173;Mikalas
314173;Mikalas
314181;olbv0026448
314181;olbv0026448
314186;Dimas12000
314186;Dimas12000
314193;9892802247
314193;9892802247
314199;75mw9cw68q
314199;75mw9cw68q
314201;Olbv0006259
314201;Olbv0006259
314206;nata
314206;nata
314215;Sergetrade
314215;Sergetrade
314217;404JKB0
314217;404JKB0
314219;Dennverss
314219;Dennverss
314227;BelNas89
314227;BelNas89
314232;Raketa
314232;Raketa
314234;zi-zu2
314234;zi-zu2
314240;9kyt
314240;9kyt
314257;Тетаруб
314257;Тетаруб
314270;Vrain
314270;Vrain
314276;79261737865
314276;79261737865
314280;14081986
314280;14081986
312555;LeXuNs
311676;takeover
310445;Vadim703
310957;KristinaK
311864;Almira
312898;Rase
312112;anton2504
310602;AndyKopyloff
310409;FullCup
311026;Ganebnij
310902;Vitalii
310980;Titow1994
310348;ggevel
313447;Coolpepper
312636;Nafanya
310629;Dok75tor
310690;Taskany
310936;SexyShare
314146;4T8NA
313763;Olya333
313186;aleo2
313166;OlgaCH
313313;Blablabla
310615;Vici.K
313742;hussar
311805;Kaban
310318;Vagner
312796;PENYAZMARINA
312539;olbv1187034
312779;Gannibal
312269;kvanvanvant2022
311865;Aneurysm
312767;Akselitos
310958;Holy
311872;casim
312130;Hromd
313818;403SSV5
313479;Svetlana1
313227;Tilson
312628;VortexOne
312217;Rulless
313098;Gorazei
310970;BP62
313133;Bala
313321;vicstar
311659;Senseyka
312719;doink
311566;DMbot
311442;Ramon
310753;Stephen
313960;404A3KE
311844;Slanroyal
310693;Technik
314234;zi-zu2
309994;Riverfolk
312128;ClydeGriffiths
314109;vassily
312464;serg91
312946;дмитрий01
310882;OlegTred
312434;olbv0326170
310160;Bull&Bear
313541;VladK
311549;Calipso137
314270;Vrain
310949;Khal
311725;Русланбек
311106;azhuravlev
312312;KuKu
310179;Валентин
313419;Preston
313441;Enkleiv
310750;ProhorA
313591;Oleg85
310018;DeadpooL
312441;olbv1385796
312012;Lava
313102;Brokerrs
310875;Kokik43
313470;Kolya
313034;Alex321
314201;Olbv0006259
312665;Igor67
312475;Mishak
314105;Sova65
313290;TSA
312020;olbv0258718
313949;4004ES8
313413;Viacheskav
310791;MATPOC
310848;ruslan83
312119;Ramil
313126;superbalin
311798;hohlachov
310382;Just-trend
310937;alexzhi
313066;Hercules
310475;Sakhraddin
314001;Rus1977
310166;Ilya-004
313696;Ariman
310590;Vladislav
311290;Tstason25
313611;Artemister
312722;VK777
312056;kidzhik
313222;PLAGUE
313978;martyn15
310645;Lisin
311696;wen943абэ
312952;Daniil
313963;4048LAA
313648;Sachernykh
314016;Vlad26
310809;smidrel
311156;H2O
313853;EIV
313378;xV6KvE4P
311029;iweeh
310582;captainssin
310832;TarasovViP
312843;shawty4
311077;BigBoss
310763;RosoL
312071;88888888
311300;nestazy
313431;Sotnik1986
311400;chivic1968
312551;AVK
311405;Varjag
313958;4KU1T
310177;MUSTACHAN
312732;Art1K
313087;PaNikA
310217;kuzma22
310585;Vitaliy555
311657;MaxBV
310283;Venera
312666;PostHuman
312438;Val1942
310195;Stan01
311404;Михак
313137;OSA01
311838;Rofll
314280;14081986
313486;Dr.pit
311219;IGORARC
313429;HOROOT
310292;LeoPisano
311501;Mitc088
310785;JUPITER
311574;dzemgi
311854;Nordlis
312872;LittleFox
313275;Tartarin86
313230;sanhel
313628;ltybc8
310552;Droncult
311417;gto2022
311703;Yaroslavna
312066;GoldenHamster
310636;Amestat
312169;Ortega
313320;TKRASNOV
312096;Anatoliy
310417;Dionis
313971;Zykov2022
311413;ivan51700
313848;Mercury
311288;torgash
314049;Averina
310895;vesna
312652;Sample
313393;iqsergei
313193;savin811
313817;4JTEV
310727;luna6999
310557;Dunya
312435;bioreign
312893;stanruss239
310670;DimKa
313287;cleverok
313680;Dikx12
310847;EgorTrifonov
311898;Korjil
311981;Margo
312648;Taha
311412;CitSP
310774;EGSAVR
312512;Kess
313548;sanatom
310140;kuzminov
313996;A1ek5black
310277;Грех
311645;LUDOMAN01
312976;G1l2a3h4a5
313483;Lolita
312528;Kengotomsk
313361;luckym
311638;Krekanz
310618;17051987
310476;Azat1971
313770;Astrofutur
311715;Дар
311428;swnike
311925;RuVad
313241;Aslankz
312972;BlueOcean
313506;SMK72
313253;Yakov
311337;longway
312199;BennyHill9
310439;maxboikoev
313717;romachkache
310725;LensAnte
312753;AHgpeu
309904;epik
311531;ARusskovV
314140;Maxs1985
310824;Sovetnik111
311847;Kabaninda
310901;AxonSmiles
312951;bombabig
310880;RustamAviator
312496;cosmos
313671;Phantom
312088;thriller
310184;Sav.am
310109;amidvn
309883;Dizelb
311744;Sergei69
312651;StrausMag
310183;Байанай
310705;myprofit
310965;TIGER_5
310412;mitb84
310239;uMniK
313043;Рус
313674;anatol777888
310652;nestarwen
310349;Airboltik
311119;SunShin3
313390;sns2022
310387;Madina2022
312764;Baykova54
311671;SOVA4
311623;RPG
314130;rusivan
312609;roman1167
310038;glommy
310543;AntonioZ
313029;Rus3969
313669;Dru83
312315;SHATALOV
313030;Denkatoff
311706;zahvat
313864;Anvel87
313553;rap1975
314025;Космос
311995;Vanilla
312594;9212574052
311802;Arseny
313990;403WSA8
311944;vseprosto
310780;Irina
312042;Geniy
313652;Einstein72
311628;Rustik1979
310431;Fiboforyou
313025;KaifuLi
312942;avp1810
311942;Vep16KRK
309991;Максим
310303;79603047655
312148;Cluster
310751;Tigerfox
313916;Murych
311651;malixa76
314186;Dimas12000
311160;ildarx7
313140;Alenakokk
311954;Soavtor
314219;Dennverss
313038;Panchita22
312377;Dozhdik
313407;McKey
312287;Pablos
314217;404JKB0
311466;RZDSZSB
312826;Balzam
311425;sergik7878
313169;DJSM
312004;DIMA841944
313743;КРВО?
312124;nosapge
311153;Generation
313504;Sanxi
311787;sergeyV
312415;Kitik2022
313640;Vesta
310758;Razum
313460;Fomenka
313399;StartMoney
310495;Roonny
314080;butenko
312432;Khadjit
312328;KEVa
309895;RSHU
310971;Oooniks
312100;KaddeTT
310068;Anton177
313839;S03BR1L
310810;ASmolin
311747;Buratino01
312712;Anna2Anna
313115;Tyger779
311322;9022618883
312184;Kate
313134;CTaJIuH
314050;Che1pa
311449;Twelve.XII
312511;Yaryi
313268;maxx3000
312823;Vladim
312565;olbv0409972
310474;ilgam80
313682;Vovalek
311455;das
309997;Vens
313045;Kenesgus
313834;400US3U
314181;olbv0026448
312514;Ciocia
310316;aaill
313168;DenisKa
310381;Daddy
313309;Santa
312754;Bison
310742;Pasha
313162;Hims
311970;SSM-broker
309888;9288468679
314199;75mw9cw68q
311226;Brendel
311429;Роман
311601;hlrthnth
311533;Askr
310363;rusl10
313571;IgorIgrok
311488;aktom
310631;KupriyashinNick
313878;vlamat
311381;General
310408;ToBeeOrNotToBee
313463;Miday
312531;Svecha74
311975;Nik32
312938;stimul
310988;ОНФОТиУ
313101;Деньги
311563;Dimm
314030;Emil
312680;LVSTCXNTURY
312962;Passion
312230;Dimoni4
310377;aganesov
313464;Chiangmai
312342;Atomflot
310736;Re-trader
310298;1985Pgs2408
310027;Voodi
311599;Hant
311700;Xeno
310667;a.mezhinskiy
310669;Valstavr
310320;JokerTT
310144;IRINA1811
313303;daiver777
311964;IrinkaK
312882;Graf101
310699;Arturius
312445;Genius18
312599;igorr152
311513;oddi2022
311128;alasavr
310207;АРТУР9
313871;Andreibay
310437;Zelma74
313909;Ривитс
312713;MPAndrey
311777;АЛЕАНД
312336;Ragnar89
311900;Kuka
311625;Rugilyaz
311948;Виктор6
310446;OLYAOLYA
312295;Wasp
313781;403RAX9
309985;Grabber
310496;Berkut
310989;ValentinGo
312409;Signal
311685;Vadia
310535;JakeBovio
310684;SergeiMA
309886;Владимир81
313084;Chaos
314227;BelNas89
313625;Leyla
311885;Eldar
313277;PavelS
312661;MalyutinDA
313016;SULLA
314215;Sergetrade
314257;Тетаруб
312487;Nomin
310502;Egronaldosyc
312879;STALKER228
311095;dlya-druzey
312589;Big_papa
310514;FiboTrader2022
313234;barkas
314206;nata
312526;slon_60
313161;Stanislav01
311555;Cooler
311806;Ketoff
309942;Rusatom
312836;Ketchup
310632;Kutnaev93
310654;MaksakovaAnasta
310994;ЭРИКАС
310289;Dgozefin
311135;AlexTrader
310859;Prizzma
310933;Statham23
309879;SL
310173;evsekor
313396;Miha40
312612;TraderDIM
312320;Олег
313232;STASINHO
312260;RuslanMin
310246;redfree
311897;KazakovAA
311387;Brabus027
313533;KateOHara
310897;Salex
313423;dbutakoff
311189;Stepind
310558;Sofulek
309857;Yula
309846;MAG
312111;zibo1668
313462;Chizhack
313236;OLGA1983
312382;light611
310484;Sell44
311664;SerGo01
310129;Sandra
314104;Potorochin
311461;den
313461;Alexpar85
313558;Djonik
312049;Bob-gen
310561;Katya18
313381;Asya
313549;KRAiN32
311335;Oleg1984spb
311500;Mila
314276;79261737865
311764;Ivan23
310993;Bobrik_A_I
311532;Arxi
310872;Khan101090
310434;serpiyanka
310041;Viktoria07
310784;Khanmong
311002;Ruslan01
314086;XoTTaB
310767;MolodoyNostrada
310396;Lekar17
310854;Koresh25
312878;yuribankeev
311196;Timur
312193;dkonshin
312384;SailorSun
312768;klinsi
313650;san_kolt
312547;olb240942
312386;VT7
310252;Suits
311626;rus077
310054;dreamrando
310423;Sergo09
313471;AlexandeR999
313072;Rkorotaev
312466;darion_1234
312448;igor55
314173;Mikalas
312387;Денис
309876;davydov964
310935;NV22
311177;pti4ka
313058;radena
312164;bibik
313701;Kostin
312275;airobus
312399;PoppyLoppy
311204;VitalyGER
313560;Loginznv
309844;Suzerain
312226;R16
312014;NekNovekov
313071;Rakeem
312154;8927275
312103;Slavyan174
313836;41K5X
309987;morevsa
311074;Olegbadurin
310570;SuMen
311083;Grisha
312224;wizard
312674;jam
313466;Wolf72
313451;Alexandr1
312074;AlexeyAlex
313791;44ALEKS44
311208;yayamamba
313966;Alikgarkh
311231;NataNA
313599;drakon55552
311662;Sergei8918
312791;Vasyly
313933;Urugulu
313868;Andreic47
312151;QwertyEVA1
313330;Vyacheslav
310870;DianaGekko
310050;Pingvinric
309858;Spanch
314029;Efanoff
311489;aleksagans
311314;34530623
311294;Olgabbc2010
312101;MikeBug
311974;Ezzz1
311473;07082020
311136;andrey98
311245;SpokInvest
312113;Tsaymax
312200;prost0
311386;Eugene84
313863;Dinoz
311305;Whiteant
313932;MS
310564;Eelgiz
312273;AlexKir
312031;olbv1345292
310898;EvGenius8888
310588;Iklim1979
312780;Ясик
311866;Arahis
312629;Sergh2022
311619;qivi163
312022;deVarao
311649;Makskuper
313807;400SFMB
311440;mescalit
311636;kolyadmit
311738;Eksterulo
312746;Parsifal
314232;Raketa
310138;olb040735
310781;MaeStr0
313031;Rover63
311887;Estavella
312302;tav
311187;SiBearian
310913;Tsirkul
310846;Nabak
312352;MSLMSYDKV
312691;cripto
313726;SAV
312658;Dohtur
313068;arr
313414;ARKAN
312530;Strong2022
312259;olbv1565431
310395;Evgspb
312552;Sasha555
310052;Ponchik
314037;Gordei
312027;Egor1986
311199;travelgirl
310947;pashok4490
312698;Andronik
310525;Fikalia
313278;фунтик
310583;Okirsanova
311692;vladcodex
312750;Volchara
313570;JonRus
311818;Advocat
313294;KotkaFromBG
313813;404BZNE
312619;Stalker777
311036;MaximuS
311968;Kupressus
313427;Alezsm
314033;otokohoshi
313635;Milashka
311683;Trader17
314240;9kyt
312489;Kazidub97
311982;LadaVest
312503;Antoha174
312890;Sergey1531
314081;George1408
313787;Stanislav02
310399;Greenc
310661;Viera
312649;vad14
313444;WldTartar
311543;Bestalex
310401;ILSYR
314193;9892802247
311720;Пионер
311663;sergeikov
311355;Sega444
310663;CraftyFox
312624;olbv1192378
313050;Татьяна
312915;El55mur
311992;Rodnik
313616;HellMenscj
